{
    "compiled": true,
    "correct": true,
    "speedup": 26.17068266017769,
    "latency_ms": 0.36753363596356436,
    "task_id": "dsa_sparse_attention_h16_ckv512_kpe64_topk2048_ps64",
    "error": null,
    "stats": {
        "reference_latency_ms": 9.131622430552607,
        "max_relative_error": 0.044769608438786156,
        "max_absolute_error": 0.003203246904456097,
        "total_workloads": 23
    }
}