{"compiled": true, "correct": true, "speedup": 4.51304244790598, "latency_ms": 0.36180174013842703, "task_id": "dsa_sparse_attention_h16_ckv512_kpe64_topk2048_ps64", "error": null, "stats": {"reference_latency_ms": 1.6474031365436057, "max_relative_error": 8.496051907539368, "max_absolute_error": 0.015625, "total_workloads": 23}}