{"compiled": true, "correct": true, "speedup": 2.850711225023774, "latency_ms": 0.5794053554534913, "task_id": "dsa_sparse_attention_h16_ckv512_kpe64_topk2048_ps64", "error": null, "stats": {"reference_latency_ms": 1.6660201668739318, "max_relative_error": 10.040689570748288, "max_absolute_error": 0.015285326086956522, "total_workloads": 23}}