{"compiled": true, "correct": true, "speedup": 3.799058727578817, "latency_ms": 0.48332104281238886, "task_id": "dsa_sparse_attention_h16_ckv512_kpe64_topk2048_ps64", "error": null, "stats": {"reference_latency_ms": 1.6166171737339183, "max_relative_error": 0.04419452630570405, "max_absolute_error": 0.004353440326193105, "total_workloads": 23}}